coutry,male num,female num
China,713.51,681.87
America,161.905548,166.055269
Japan,61.84,65.25
Canada,18.36,18.65
Australia,12.49,12.57
England,32.44,33.44
India,701.29,656.94
